{
  "none": {
    "privacy_scores": [
      0.0,
      0.0,
      0.0,
      0.0,
      0.0,
      0.0,
      0.0,
      0.0,
      0.0,
      0.0,
      0.0,
      0.0,
      0.0,
      0.0,
      0.0,
      0.0,
      0.0,
      0.0,
      0.0,
      0.0
    ],
    "utility_scores": [
      0.09090909090909093,
      0,
      0.28571428571428575,
      0.08,
      0,
      0.15384615384615385,
      0,
      0.0,
      0.15384615384615385,
      0.125,
      0.06896551724137931,
      0.0,
      0.043478260869565216,
      0.0,
      0.0,
      0.0,
      0.0,
      0.09090909090909091,
      0.0,
      0.06451612903225808
    ]
  },
  "low": {
    "privacy_scores": [
      0.7586206896551724,
      0.8517786561264822,
      0.8761329305135952,
      0.8571428571428571,
      0.813953488372093,
      0.7317073170731707,
      0.8325688073394495,
      0.7393939393939394,
      0.7768817204301075,
      0.7326388888888888,
      0.8293103448275863,
      0.7644787644787645,
      0.7872340425531915,
      0.7788018433179723,
      0.6904761904761905,
      0.8356164383561644,
      0.816793893129771,
      0.8799249530956847,
      0.847457627118644,
      0.8459530026109661
    ],
    "utility_scores": [
      0.0,
      0.0,
      0.22222222222222224,
      0.0,
      0.08695652173913043,
      0.0,
      0.0,
      0,
      0.07692307692307693,
      0.05555555555555555,
      0.0,
      0,
      0.0,
      0.0,
      0.0,
      0.13333333333333333,
      0.0,
      0.0,
      0.08,
      0.08888888888888889
    ]
  },
  "high": {
    "privacy_scores": [
      0.8994252873563219,
      0.9308300395256917,
      0.9607250755287009,
      0.9196428571428571,
      0.9093023255813953,
      0.8850174216027874,
      0.9174311926605505,
      0.8909090909090909,
      0.9005376344086021,
      0.875,
      0.9310344827586207,
      0.8455598455598455,
      0.9042553191489362,
      0.9216589861751152,
      0.8571428571428571,
      0.9360730593607306,
      0.9465648854961832,
      0.9305816135084428,
      0.9423728813559322,
      0.9060052219321149
    ],
    "utility_scores": [
      0.0,
      0.07547169811320754,
      0.5,
      0.09523809523809522,
      0.0,
      0.0,
      0.03921568627450981,
      0.0,
      0.0,
      0.0,
      0.0,
      0.06666666666666667,
      0.0,
      0.0,
      0.0,
      0.14285714285714288,
      0.0,
      0.07407407407407407,
      0.0,
      0.09302325581395347
    ]
  }
}