{
  "none": {
    "privacy_scores": [
      0.0,
      0.0,
      0.0,
      0.0,
      0.0,
      0.0,
      0.0,
      0.0,
      0.0,
      0.0,
      0.0,
      0.0,
      0.0,
      0.0,
      0.0,
      0.0,
      0.0,
      0.0,
      0.0,
      0.0
    ],
    "utility_scores": [
      0.09090909090909093,
      0,
      0.28571428571428575,
      0.08,
      0,
      0.15384615384615385,
      0,
      0.0,
      0.15384615384615385,
      0.125,
      0.06896551724137931,
      0.0,
      0.043478260869565216,
      0.0,
      0.0,
      0.0,
      0.0,
      0.09090909090909091,
      0.0,
      0.06451612903225808
    ]
  },
  "low": {
    "privacy_scores": [
      0.1206896551724138,
      0.03557312252964427,
      0.07250755287009064,
      0.05803571428571429,
      0.046511627906976744,
      0.14634146341463414,
      0.04128440366972477,
      0.12121212121212122,
      0.06451612903225806,
      0.0625,
      0.07758620689655173,
      0.06204379562043796,
      0.11170212765957446,
      0.07327586206896551,
      0.08571428571428572,
      0.035555555555555556,
      0.03816793893129771,
      0.03564727954971857,
      0.08813559322033898,
      0.031331592689295036
    ],
    "utility_scores": [
      0.0,
      0.0,
      0.0,
      0.0,
      0,
      0.0,
      0.0,
      0.0,
      0.0,
      0.1142857142857143,
      0.0,
      0.0,
      0.0,
      0.0,
      0.0,
      0.0,
      0.0,
      0.0,
      0.0,
      0.0
    ]
  },
  "high": {
    "privacy_scores": [
      0.7241379310344828,
      0.8359683794466403,
      0.8670694864048338,
      0.8415178571428571,
      0.8046511627906977,
      0.686411149825784,
      0.8142201834862385,
      0.703030303030303,
      0.7661290322580645,
      0.71875,
      0.8017241379310345,
      0.7567567567567568,
      0.776595744680851,
      0.7649769585253456,
      0.6761904761904762,
      0.8401826484018264,
      0.8091603053435115,
      0.8630393996247655,
      0.8135593220338984,
      0.835509138381201
    ],
    "utility_scores": [
      0,
      0.08333333333333333,
      0.5,
      0.1111111111111111,
      0.10526315789473684,
      0.0,
      0.08333333333333333,
      0,
      0.13793103448275862,
      0.0,
      0.07142857142857142,
      0.07999999999999999,
      0.0,
      0.30769230769230765,
      0.0,
      0.16666666666666669,
      0.25,
      0.18181818181818182,
      0.0,
      0
    ]
  }
}